<?xml version="1.0" encoding="UTF-8"?>
<project-private xmlns="http://www.netbeans.org/ns/project-private/1">
    <editor-bookmarks xmlns="http://www.netbeans.org/ns/editor-bookmarks/1"/>
    <editor-bookmarks xmlns="http://www.netbeans.org/ns/editor-bookmarks/2" lastBookmarkId="0"/>
    <open-files xmlns="http://www.netbeans.org/ns/projectui-open-files/2">
        <group>
            <file>file:/C:/Users/josec/Documents/NetBeansProjects/CompositePatternProj/CompositePattern/src/Example/HTML.java</file>
            <file>file:/C:/Users/josec/Documents/NetBeansProjects/CompositePatternProj/CompositePattern/nbproject/build-impl.xml</file>
            <file>file:/C:/Users/josec/Documents/NetBeansProjects/CompositePatternProj/CompositePattern/src/Example/H1.java</file>
            <file>file:/C:/Users/josec/Documents/NetBeansProjects/CompositePatternProj/CompositePattern/nbproject/genfiles.properties</file>
            <file>file:/C:/Users/josec/Documents/NetBeansProjects/CompositePatternProj/CompositePattern/src/CompositePattern/Leaf.java</file>
            <file>file:/C:/Users/josec/Documents/NetBeansProjects/CompositePatternProj/CompositePattern/nbproject/project.xml</file>
            <file>file:/C:/Users/josec/Documents/NetBeansProjects/CompositePatternProj/CompositePattern/src/Example/H3.java</file>
            <file>file:/C:/Users/josec/Documents/NetBeansProjects/CompositePatternProj/CompositePattern/manifest.mf</file>
            <file>file:/C:/Users/josec/Documents/NetBeansProjects/CompositePatternProj/CompositePattern/src/Example/TITLE.java</file>
            <file>file:/C:/Users/josec/Documents/NetBeansProjects/CompositePatternProj/CompositePattern/src/Example/DIV.java</file>
            <file>file:/C:/Users/josec/Documents/NetBeansProjects/CompositePatternProj/CompositePattern/src/Example/HEAD.java</file>
            <file>file:/C:/Users/josec/Documents/NetBeansProjects/CompositePatternProj/CompositePattern/src/CompositePattern/Composite.java</file>
            <file>file:/C:/Users/josec/Documents/NetBeansProjects/CompositePatternProj/CompositePattern/src/Example/H2.java</file>
            <file>file:/C:/Users/josec/Documents/NetBeansProjects/CompositePatternProj/CompositePattern/nbproject/project.properties</file>
            <file>file:/C:/Users/josec/Documents/NetBeansProjects/CompositePatternProj/CompositePattern/src/Program.java</file>
            <file>file:/C:/Users/josec/Documents/NetBeansProjects/CompositePatternProj/CompositePattern/src/CompositePattern/IComponent.java</file>
            <file>file:/C:/Users/josec/Documents/NetBeansProjects/CompositePatternProj/CompositePattern/src/Example/BODY.java</file>
        </group>
    </open-files>
</project-private>
